{
  "model_type": "linear_matrix",
  "features": [
    "size",
    "sweetness",
    "saltiness",
    "oiliness"
  ],
  "outputs": [
    "calories",
    "carbs_g",
    "protein_g",
    "fats_g",
    "sugar_g",
    "salt_mg"
  ],
  "weights": [
    [
      0.900351984191291,
      0.7000213836576125,
      0.5003013050577547,
      0.6007691826864359,
      0.34958266149045547,
      0.3515064581752896
    ],
    [
      0.04961647640812572,
      0.2495054494366098,
      0.00031288772659465725,
      -0.001598659682152448,
      0.5500737284678006,
      0.0012069152551571483
    ],
    [
      -0.0019947548418133287,
      -0.0008559971121422372,
      -0.0008970848098909245,
      0.001426090125514451,
      -0.0007194146683340286,
      0.6998873666538172
    ],
    [
      0.1988506386026056,
      0.001227664732170397,
      0.00158060188795614,
      0.5496027928856152,
      -0.0005808621112652901,
      -0.0012507634568833803
    ]
  ],
  "bias": [
    0.7516584662453276,
    0.8000627096902729,
    0.8497446531259576,
    0.7501237872318594,
    0.7510745352729938,
    0.7495798068044783
  ]
}